Review,Rating
"Excellent product, highly recommended!",5
"This product exceeded my expectations.",5
"I love it! Perfect fit and quality.",5
"Outstanding value for the price.",5
"Great product, very satisfied.",5
"This is a must-buy, five stars!",5
"Highly impressed, worth every penny.",5
"Good quality and fast delivery.",5
"Very happy with my purchase.",5
"Exactly as described, fantastic!",5
"Decent product, met my expectations.",4
"It's okay, not the best but not bad.",3
"Average quality, nothing exceptional.",3
"Could be better, not very satisfied.",3
"I expected more, somewhat disappointed.",3
"Not worth the price, mediocre.",2
"Poor quality, won't buy again.",2
"Terrible product, waste of money.",1
"Stay away, worst purchase ever.",1
"Regret buying this, terrible experience.",1
"Avoid at all costs, absolute garbage.",1
"So disappointed, not recommended.",1
"It's just okay, nothing special.",3
"I expected better, somewhat disappointed.",3
"Average quality, not worth the price.",3
"Could be improved, not very satisfied.",3
"Not what I hoped for, mediocre.",2
"Poor design, won't buy again.",2
"Horrible product, total waste of money.",1
"Stay away, terrible quality.",1
"Regret buying this, awful experience.",1
"Complete waste of money, don't buy.",1
"Not up to the mark, somewhat disappointed.",2
"I wouldn't recommend it, average at best.",2
"Mediocre quality, could be better.",2
"Unimpressive, wouldn't buy again.",2
"I expected more, not very satisfied.",2
"Very impressed, excellent value.",5
"This product is a game-changer!",5
"Quality exceeded my expectations.",5
"Perfect fit and top-notch quality.",5
"Best purchase I've made in years.",5
"Highly recommended, five stars!",5
"Great value for the price.",5
"Top-tier product, very satisfied.",5
"Fantastic! I'm thrilled with this purchase.",5
"Good quality, fast shipping.",5
"Outstanding customer service.",5
"Very impressed with the results.",4
"It's decent, gets the job done.",4
"Average performance, not bad though.",4
"Met my needs, satisfactory product.",4
"Could have been better, but it works.",3
"Not the worst, but not the best either.",3
"Subpar quality, nothing to brag about.",3
"I expected more, slightly disappointed.",3
"Overpriced for what it offers.",2
"Quality is lacking, wouldn't recommend.",2
"Not worth it, low-quality product.",2
"Poorly made, won't buy again.",2
"Complete letdown, waste of money.",1
"Stay away, terrible experience.",1
"Regret this purchase, awful product.",1
"Absolute garbage, don't waste your money.",1
"Extremely disappointed, not recommended.",1
"Not as described, somewhat disappointed.",2
"I had higher hopes, slightly disappointed.",2
"Average at best, nothing to write home about.",2
"Could use some improvements, not very satisfied.",2
"Not meeting my expectations, mediocre.",2
